candidate_id,package_id,target_repo,file_path,size_bytes,source_table,generated_by,reporting_task,maintenance_context
2026-02-18-boilerplate-sync-triage-workbook,pz-boilerplate-intelliJ-boilerplate-sync-triage-workbook-2026-02-18,pz-boilerplate-intelliJ,README.md,715,package_files,boilerplateStateDb (sync-boilerplate),boilerplateSyncWorkbook,Rebuilt from docs/update-packages manifests + package trees on each boilerplateStateDb run
2026-02-18-boilerplate-sync-triage-workbook,pz-boilerplate-intelliJ-boilerplate-sync-triage-workbook-2026-02-18,pz-boilerplate-intelliJ,apply-checklist.md,964,package_files,boilerplateStateDb (sync-boilerplate),boilerplateSyncWorkbook,Rebuilt from docs/update-packages manifests + package trees on each boilerplateStateDb run
2026-02-18-boilerplate-sync-triage-workbook,pz-boilerplate-intelliJ-boilerplate-sync-triage-workbook-2026-02-18,pz-boilerplate-intelliJ,fresh-session-prompt.md,341,package_files,boilerplateStateDb (sync-boilerplate),boilerplateSyncWorkbook,Rebuilt from docs/update-packages manifests + package trees on each boilerplateStateDb run
2026-02-18-boilerplate-sync-triage-workbook,pz-boilerplate-intelliJ-boilerplate-sync-triage-workbook-2026-02-18,pz-boilerplate-intelliJ,package-manifest.json,1393,package_files,boilerplateStateDb (sync-boilerplate),boilerplateSyncWorkbook,Rebuilt from docs/update-packages manifests + package trees on each boilerplateStateDb run
2026-02-18-boilerplate-sync-triage-workbook,pz-boilerplate-intelliJ-boilerplate-sync-triage-workbook-2026-02-18,pz-boilerplate-intelliJ,patches/0001-boilerplate-sync-triage-framework.patch,30117,package_files,boilerplateStateDb (sync-boilerplate),boilerplateSyncWorkbook,Rebuilt from docs/update-packages manifests + package trees on each boilerplateStateDb run
2026-02-18-boilerplate-sync-triage-workbook,pz-boilerplate-intelliJ-boilerplate-sync-triage-workbook-2026-02-18,pz-boilerplate-intelliJ,templates/BoilerplateSyncWorkbookUpdater.java,13845,package_files,boilerplateStateDb (sync-boilerplate),boilerplateSyncWorkbook,Rebuilt from docs/update-packages manifests + package trees on each boilerplateStateDb run
2026-02-18-boilerplate-sync-triage-workbook,pz-boilerplate-intelliJ-boilerplate-sync-triage-workbook-2026-02-18,pz-boilerplate-intelliJ,templates/build-gradle-snippets.md,2644,package_files,boilerplateStateDb (sync-boilerplate),boilerplateSyncWorkbook,Rebuilt from docs/update-packages manifests + package trees on each boilerplateStateDb run
2026-02-18-boilerplate-sync-triage-workbook,pz-boilerplate-intelliJ-boilerplate-sync-triage-workbook-2026-02-18,pz-boilerplate-intelliJ,templates/policy-readme-snippets.md,544,package_files,boilerplateStateDb (sync-boilerplate),boilerplateSyncWorkbook,Rebuilt from docs/update-packages manifests + package trees on each boilerplateStateDb run
2026-02-18-consolidated-framework-sync,pz-boilerplate-intelliJ-consolidated-framework-sync-2026-02-18,pz-boilerplate-intelliJ,README.md,947,package_files,boilerplateStateDb (sync-boilerplate),boilerplateSyncWorkbook,Rebuilt from docs/update-packages manifests + package trees on each boilerplateStateDb run
2026-02-18-consolidated-framework-sync,pz-boilerplate-intelliJ-consolidated-framework-sync-2026-02-18,pz-boilerplate-intelliJ,apply-checklist.md,1258,package_files,boilerplateStateDb (sync-boilerplate),boilerplateSyncWorkbook,Rebuilt from docs/update-packages manifests + package trees on each boilerplateStateDb run
2026-02-18-consolidated-framework-sync,pz-boilerplate-intelliJ-consolidated-framework-sync-2026-02-18,pz-boilerplate-intelliJ,fresh-session-prompt.md,498,package_files,boilerplateStateDb (sync-boilerplate),boilerplateSyncWorkbook,Rebuilt from docs/update-packages manifests + package trees on each boilerplateStateDb run
2026-02-18-consolidated-framework-sync,pz-boilerplate-intelliJ-consolidated-framework-sync-2026-02-18,pz-boilerplate-intelliJ,package-manifest.json,1411,package_files,boilerplateStateDb (sync-boilerplate),boilerplateSyncWorkbook,Rebuilt from docs/update-packages manifests + package trees on each boilerplateStateDb run
2026-02-18-consolidated-framework-sync,pz-boilerplate-intelliJ-consolidated-framework-sync-2026-02-18,pz-boilerplate-intelliJ,patches/0001-consolidated-framework-sync.patch,35359,package_files,boilerplateStateDb (sync-boilerplate),boilerplateSyncWorkbook,Rebuilt from docs/update-packages manifests + package trees on each boilerplateStateDb run
2026-02-18-consolidated-framework-sync,pz-boilerplate-intelliJ-consolidated-framework-sync-2026-02-18,pz-boilerplate-intelliJ,templates/changelog-entry.md,320,package_files,boilerplateStateDb (sync-boilerplate),boilerplateSyncWorkbook,Rebuilt from docs/update-packages manifests + package trees on each boilerplateStateDb run
2026-02-18-governance-alerts-trust-sot,2026-02-18-governance-alerts-trust-sot,pz-boilerplate-intelliJ,README.md,443,package_files,boilerplateStateDb (sync-boilerplate),boilerplateSyncWorkbook,Rebuilt from docs/update-packages manifests + package trees on each boilerplateStateDb run
2026-02-18-governance-alerts-trust-sot,2026-02-18-governance-alerts-trust-sot,pz-boilerplate-intelliJ,apply-checklist.md,116,package_files,boilerplateStateDb (sync-boilerplate),boilerplateSyncWorkbook,Rebuilt from docs/update-packages manifests + package trees on each boilerplateStateDb run
2026-02-18-governance-alerts-trust-sot,2026-02-18-governance-alerts-trust-sot,pz-boilerplate-intelliJ,fresh-session-prompt.md,70,package_files,boilerplateStateDb (sync-boilerplate),boilerplateSyncWorkbook,Rebuilt from docs/update-packages manifests + package trees on each boilerplateStateDb run
2026-02-18-governance-alerts-trust-sot,2026-02-18-governance-alerts-trust-sot,pz-boilerplate-intelliJ,package-manifest.json,828,package_files,boilerplateStateDb (sync-boilerplate),boilerplateSyncWorkbook,Rebuilt from docs/update-packages manifests + package trees on each boilerplateStateDb run
2026-02-18-governance-events-workbook,2026-02-18-governance-events-workbook,pz-boilerplate-intelliJ,README.md,454,package_files,boilerplateStateDb (sync-boilerplate),boilerplateSyncWorkbook,Rebuilt from docs/update-packages manifests + package trees on each boilerplateStateDb run
2026-02-18-governance-events-workbook,2026-02-18-governance-events-workbook,pz-boilerplate-intelliJ,apply-checklist.md,116,package_files,boilerplateStateDb (sync-boilerplate),boilerplateSyncWorkbook,Rebuilt from docs/update-packages manifests + package trees on each boilerplateStateDb run
2026-02-18-governance-events-workbook,2026-02-18-governance-events-workbook,pz-boilerplate-intelliJ,fresh-session-prompt.md,70,package_files,boilerplateStateDb (sync-boilerplate),boilerplateSyncWorkbook,Rebuilt from docs/update-packages manifests + package trees on each boilerplateStateDb run
2026-02-18-governance-events-workbook,2026-02-18-governance-events-workbook,pz-boilerplate-intelliJ,package-manifest.json,893,package_files,boilerplateStateDb (sync-boilerplate),boilerplateSyncWorkbook,Rebuilt from docs/update-packages manifests + package trees on each boilerplateStateDb run
2026-02-18-managed-tooling-registration-gate,2026-02-18-managed-tooling-registration-gate,pz-boilerplate-intelliJ,README.md,342,package_files,boilerplateStateDb (sync-boilerplate),boilerplateSyncWorkbook,Rebuilt from docs/update-packages manifests + package trees on each boilerplateStateDb run
2026-02-18-managed-tooling-registration-gate,2026-02-18-managed-tooling-registration-gate,pz-boilerplate-intelliJ,apply-checklist.md,116,package_files,boilerplateStateDb (sync-boilerplate),boilerplateSyncWorkbook,Rebuilt from docs/update-packages manifests + package trees on each boilerplateStateDb run
2026-02-18-managed-tooling-registration-gate,2026-02-18-managed-tooling-registration-gate,pz-boilerplate-intelliJ,fresh-session-prompt.md,70,package_files,boilerplateStateDb (sync-boilerplate),boilerplateSyncWorkbook,Rebuilt from docs/update-packages manifests + package trees on each boilerplateStateDb run
2026-02-18-managed-tooling-registration-gate,2026-02-18-managed-tooling-registration-gate,pz-boilerplate-intelliJ,package-manifest.json,606,package_files,boilerplateStateDb (sync-boilerplate),boilerplateSyncWorkbook,Rebuilt from docs/update-packages manifests + package trees on each boilerplateStateDb run
2026-02-18-pm-realm-console-sql-rules-rollup,2026-02-18-pm-realm-console-sql-rules-rollup,pz-boilerplate-intelliJ,README.md,978,package_files,boilerplateStateDb (sync-boilerplate),boilerplateSyncWorkbook,Rebuilt from docs/update-packages manifests + package trees on each boilerplateStateDb run
2026-02-18-pm-realm-console-sql-rules-rollup,2026-02-18-pm-realm-console-sql-rules-rollup,pz-boilerplate-intelliJ,apply-checklist.md,992,package_files,boilerplateStateDb (sync-boilerplate),boilerplateSyncWorkbook,Rebuilt from docs/update-packages manifests + package trees on each boilerplateStateDb run
2026-02-18-pm-realm-console-sql-rules-rollup,2026-02-18-pm-realm-console-sql-rules-rollup,pz-boilerplate-intelliJ,fresh-session-prompt.md,566,package_files,boilerplateStateDb (sync-boilerplate),boilerplateSyncWorkbook,Rebuilt from docs/update-packages manifests + package trees on each boilerplateStateDb run
2026-02-18-pm-realm-console-sql-rules-rollup,2026-02-18-pm-realm-console-sql-rules-rollup,pz-boilerplate-intelliJ,package-manifest.json,1622,package_files,boilerplateStateDb (sync-boilerplate),boilerplateSyncWorkbook,Rebuilt from docs/update-packages manifests + package trees on each boilerplateStateDb run
2026-02-18-pm-realm-console-sql-rules-rollup,2026-02-18-pm-realm-console-sql-rules-rollup,pz-boilerplate-intelliJ,patches/0001-pm-realm-console-sql-rules-rollup.patch,159406,package_files,boilerplateStateDb (sync-boilerplate),boilerplateSyncWorkbook,Rebuilt from docs/update-packages manifests + package trees on each boilerplateStateDb run
2026-02-18-product-management-boundary-gate,2026-02-18-product-management-boundary-gate,pz-boilerplate-intelliJ,README.md,296,package_files,boilerplateStateDb (sync-boilerplate),boilerplateSyncWorkbook,Rebuilt from docs/update-packages manifests + package trees on each boilerplateStateDb run
2026-02-18-product-management-boundary-gate,2026-02-18-product-management-boundary-gate,pz-boilerplate-intelliJ,apply-checklist.md,116,package_files,boilerplateStateDb (sync-boilerplate),boilerplateSyncWorkbook,Rebuilt from docs/update-packages manifests + package trees on each boilerplateStateDb run
2026-02-18-product-management-boundary-gate,2026-02-18-product-management-boundary-gate,pz-boilerplate-intelliJ,fresh-session-prompt.md,70,package_files,boilerplateStateDb (sync-boilerplate),boilerplateSyncWorkbook,Rebuilt from docs/update-packages manifests + package trees on each boilerplateStateDb run
2026-02-18-product-management-boundary-gate,2026-02-18-product-management-boundary-gate,pz-boilerplate-intelliJ,package-manifest.json,617,package_files,boilerplateStateDb (sync-boilerplate),boilerplateSyncWorkbook,Rebuilt from docs/update-packages manifests + package trees on each boilerplateStateDb run
2026-02-18-project-level-rollback-governance,pz-boilerplate-intelliJ-rollback-governance-2026-02-18,pz-boilerplate-intelliJ,README.md,960,package_files,boilerplateStateDb (sync-boilerplate),boilerplateSyncWorkbook,Rebuilt from docs/update-packages manifests + package trees on each boilerplateStateDb run
2026-02-18-project-level-rollback-governance,pz-boilerplate-intelliJ-rollback-governance-2026-02-18,pz-boilerplate-intelliJ,apply-checklist.md,1253,package_files,boilerplateStateDb (sync-boilerplate),boilerplateSyncWorkbook,Rebuilt from docs/update-packages manifests + package trees on each boilerplateStateDb run
2026-02-18-project-level-rollback-governance,pz-boilerplate-intelliJ-rollback-governance-2026-02-18,pz-boilerplate-intelliJ,fresh-session-prompt.md,635,package_files,boilerplateStateDb (sync-boilerplate),boilerplateSyncWorkbook,Rebuilt from docs/update-packages manifests + package trees on each boilerplateStateDb run
2026-02-18-project-level-rollback-governance,pz-boilerplate-intelliJ-rollback-governance-2026-02-18,pz-boilerplate-intelliJ,package-manifest.json,853,package_files,boilerplateStateDb (sync-boilerplate),boilerplateSyncWorkbook,Rebuilt from docs/update-packages manifests + package trees on each boilerplateStateDb run
2026-02-18-project-level-rollback-governance,pz-boilerplate-intelliJ-rollback-governance-2026-02-18,pz-boilerplate-intelliJ,patches/0001-policy-and-readme-rollback-governance.patch,5390,package_files,boilerplateStateDb (sync-boilerplate),boilerplateSyncWorkbook,Rebuilt from docs/update-packages manifests + package trees on each boilerplateStateDb run
2026-02-18-project-level-rollback-governance-log-sync,pz-boilerplate-intelliJ-rollback-governance-log-sync-2026-02-18,pz-boilerplate-intelliJ,README.md,832,package_files,boilerplateStateDb (sync-boilerplate),boilerplateSyncWorkbook,Rebuilt from docs/update-packages manifests + package trees on each boilerplateStateDb run
2026-02-18-project-level-rollback-governance-log-sync,pz-boilerplate-intelliJ-rollback-governance-log-sync-2026-02-18,pz-boilerplate-intelliJ,apply-checklist.md,866,package_files,boilerplateStateDb (sync-boilerplate),boilerplateSyncWorkbook,Rebuilt from docs/update-packages manifests + package trees on each boilerplateStateDb run
2026-02-18-project-level-rollback-governance-log-sync,pz-boilerplate-intelliJ-rollback-governance-log-sync-2026-02-18,pz-boilerplate-intelliJ,fresh-session-prompt.md,508,package_files,boilerplateStateDb (sync-boilerplate),boilerplateSyncWorkbook,Rebuilt from docs/update-packages manifests + package trees on each boilerplateStateDb run
2026-02-18-project-level-rollback-governance-log-sync,pz-boilerplate-intelliJ-rollback-governance-log-sync-2026-02-18,pz-boilerplate-intelliJ,package-manifest.json,1189,package_files,boilerplateStateDb (sync-boilerplate),boilerplateSyncWorkbook,Rebuilt from docs/update-packages manifests + package trees on each boilerplateStateDb run
2026-02-18-project-level-rollback-governance-log-sync,pz-boilerplate-intelliJ-rollback-governance-log-sync-2026-02-18,pz-boilerplate-intelliJ,patches/0001-log-sync-template.patch,1120,package_files,boilerplateStateDb (sync-boilerplate),boilerplateSyncWorkbook,Rebuilt from docs/update-packages manifests + package trees on each boilerplateStateDb run
2026-02-18-project-level-rollback-governance-log-sync,pz-boilerplate-intelliJ-rollback-governance-log-sync-2026-02-18,pz-boilerplate-intelliJ,templates/process-evolution-entry.md,347,package_files,boilerplateStateDb (sync-boilerplate),boilerplateSyncWorkbook,Rebuilt from docs/update-packages manifests + package trees on each boilerplateStateDb run
2026-02-18-project-level-rollback-governance-log-sync,pz-boilerplate-intelliJ-rollback-governance-log-sync-2026-02-18,pz-boilerplate-intelliJ,templates/session-changelog-entry.md,400,package_files,boilerplateStateDb (sync-boilerplate),boilerplateSyncWorkbook,Rebuilt from docs/update-packages manifests + package trees on each boilerplateStateDb run
2026-02-18-sqlite-state-tooling,2026-02-18-sqlite-state-tooling,pz-boilerplate-intelliJ,README.md,860,package_files,boilerplateStateDb (sync-boilerplate),boilerplateSyncWorkbook,Rebuilt from docs/update-packages manifests + package trees on each boilerplateStateDb run
2026-02-18-sqlite-state-tooling,2026-02-18-sqlite-state-tooling,pz-boilerplate-intelliJ,apply-checklist.md,444,package_files,boilerplateStateDb (sync-boilerplate),boilerplateSyncWorkbook,Rebuilt from docs/update-packages manifests + package trees on each boilerplateStateDb run
2026-02-18-sqlite-state-tooling,2026-02-18-sqlite-state-tooling,pz-boilerplate-intelliJ,fresh-session-prompt.md,575,package_files,boilerplateStateDb (sync-boilerplate),boilerplateSyncWorkbook,Rebuilt from docs/update-packages manifests + package trees on each boilerplateStateDb run
2026-02-18-sqlite-state-tooling,2026-02-18-sqlite-state-tooling,pz-boilerplate-intelliJ,package-manifest.json,829,package_files,boilerplateStateDb (sync-boilerplate),boilerplateSyncWorkbook,Rebuilt from docs/update-packages manifests + package trees on each boilerplateStateDb run
2026-02-18-unified-framework-rollup,2026-02-18-unified-framework-rollup,pz-boilerplate-intelliJ,README.md,544,package_files,boilerplateStateDb (sync-boilerplate),boilerplateSyncWorkbook,Rebuilt from docs/update-packages manifests + package trees on each boilerplateStateDb run
2026-02-18-unified-framework-rollup,2026-02-18-unified-framework-rollup,pz-boilerplate-intelliJ,apply-checklist.md,446,package_files,boilerplateStateDb (sync-boilerplate),boilerplateSyncWorkbook,Rebuilt from docs/update-packages manifests + package trees on each boilerplateStateDb run
2026-02-18-unified-framework-rollup,2026-02-18-unified-framework-rollup,pz-boilerplate-intelliJ,fresh-session-prompt.md,390,package_files,boilerplateStateDb (sync-boilerplate),boilerplateSyncWorkbook,Rebuilt from docs/update-packages manifests + package trees on each boilerplateStateDb run
2026-02-18-unified-framework-rollup,2026-02-18-unified-framework-rollup,pz-boilerplate-intelliJ,package-manifest.json,1573,package_files,boilerplateStateDb (sync-boilerplate),boilerplateSyncWorkbook,Rebuilt from docs/update-packages manifests + package trees on each boilerplateStateDb run
2026-02-18-vcs-file-discipline-ledger,2026-02-18-vcs-file-discipline-ledger,pz-boilerplate-intelliJ,README.md,411,package_files,boilerplateStateDb (sync-boilerplate),boilerplateSyncWorkbook,Rebuilt from docs/update-packages manifests + package trees on each boilerplateStateDb run
2026-02-18-vcs-file-discipline-ledger,2026-02-18-vcs-file-discipline-ledger,pz-boilerplate-intelliJ,apply-checklist.md,116,package_files,boilerplateStateDb (sync-boilerplate),boilerplateSyncWorkbook,Rebuilt from docs/update-packages manifests + package trees on each boilerplateStateDb run
2026-02-18-vcs-file-discipline-ledger,2026-02-18-vcs-file-discipline-ledger,pz-boilerplate-intelliJ,fresh-session-prompt.md,70,package_files,boilerplateStateDb (sync-boilerplate),boilerplateSyncWorkbook,Rebuilt from docs/update-packages manifests + package trees on each boilerplateStateDb run
2026-02-18-vcs-file-discipline-ledger,2026-02-18-vcs-file-discipline-ledger,pz-boilerplate-intelliJ,package-manifest.json,797,package_files,boilerplateStateDb (sync-boilerplate),boilerplateSyncWorkbook,Rebuilt from docs/update-packages manifests + package trees on each boilerplateStateDb run
2026-02-18-workbook-change-driven-guard,pz-boilerplate-intelliJ-workbook-change-driven-guard-2026-02-18,pz-boilerplate-intelliJ,README.md,763,package_files,boilerplateStateDb (sync-boilerplate),boilerplateSyncWorkbook,Rebuilt from docs/update-packages manifests + package trees on each boilerplateStateDb run
2026-02-18-workbook-change-driven-guard,pz-boilerplate-intelliJ-workbook-change-driven-guard-2026-02-18,pz-boilerplate-intelliJ,apply-checklist.md,1138,package_files,boilerplateStateDb (sync-boilerplate),boilerplateSyncWorkbook,Rebuilt from docs/update-packages manifests + package trees on each boilerplateStateDb run
2026-02-18-workbook-change-driven-guard,pz-boilerplate-intelliJ-workbook-change-driven-guard-2026-02-18,pz-boilerplate-intelliJ,fresh-session-prompt.md,416,package_files,boilerplateStateDb (sync-boilerplate),boilerplateSyncWorkbook,Rebuilt from docs/update-packages manifests + package trees on each boilerplateStateDb run
2026-02-18-workbook-change-driven-guard,pz-boilerplate-intelliJ-workbook-change-driven-guard-2026-02-18,pz-boilerplate-intelliJ,package-manifest.json,853,package_files,boilerplateStateDb (sync-boilerplate),boilerplateSyncWorkbook,Rebuilt from docs/update-packages manifests + package trees on each boilerplateStateDb run
2026-02-18-workbook-change-driven-guard,pz-boilerplate-intelliJ-workbook-change-driven-guard-2026-02-18,pz-boilerplate-intelliJ,patches/0001-workbook-change-driven-guard.patch,4135,package_files,boilerplateStateDb (sync-boilerplate),boilerplateSyncWorkbook,Rebuilt from docs/update-packages manifests + package trees on each boilerplateStateDb run
